DATE_RELEVE;RR;TN;TX;TM
25/01/2014;0;2.3;14.5;8.4
26/01/2014;0;1.3;16.3;8.8
27/01/2014;0;6.7;12.2;9.45
28/01/2014;0.5;0.9;10.1;5.5
29/01/2014;0.5;3.8;5.1;4.45
30/01/2014;5;3.5;7.4;5.45
31/01/2014;0;-1.4;12.6;5.6
01/02/2014;17.5;-0.5;7.1;3.3
02/02/2014;0;2.4;12;7.2
03/02/2014;2.5;-1.5;11.2;4.85
04/02/2014;1.5;0.5;13.4;6.95
05/02/2014;1;2.9;12.5;7.7
06/02/2014;0;0.9;6.2;3.55
07/02/2014;1.5;9.6;14.8;12.2
08/02/2014;0.5;0.7;11.8;6.25
09/02/2014;6.5;6.3;12.6;9.45
10/02/2014;3;8.8;12.8;10.8
11/02/2014;0;1.3;13.7;7.5
12/02/2014;0;5.6;15.4;10.5
13/02/2014;0.5;1.5;15.5;8.5
14/02/2014;0;3.2;13.5;8.35
15/02/2014;0;10.2;15.1;12.65
16/02/2014;0;8;13;10.5
17/02/2014;0;0.4;13.4;6.9
18/02/2014;0;3.7;14.1;8.9
19/02/2014;0;8.8;17.1;12.95
20/02/2014;0.5;4.5;17.9;11.2
21/02/2014;0;8.5;13.7;11.1
22/02/2014;0;0.2;15.5;7.85
23/02/2014;0;1.8;17;9.4
24/02/2014;0;2.4;15.9;9.15
25/02/2014;8;7.6;12.7;10.15
26/02/2014;1;6;13.7;9.85
27/02/2014;0;1.9;12.6;7.25
28/02/2014;1;5.7;13;9.35
01/03/2014;0;6.4;12.5;9.45
02/03/2014;7.5;3.1;14.7;8.9
03/03/2014;0;5;5.1;5.05
04/03/2014;0;1;13.3;7.15
05/03/2014;0;5.6;16.7;11.15
06/03/2014;0;6.5;18.3;12.4
07/03/2014;0;1.9;19.6;10.75
08/03/2014;0;3.5;21;12.25
09/03/2014;0;1.5;18.6;10.05
10/03/2014;0;0.9;19.2;10.05
11/03/2014;0.5;3.2;16.4;9.8
12/03/2014;0;2.6;17.2;9.9
13/03/2014;0;1.5;19.9;10.7
14/03/2014;0;3;22.2;12.6
15/03/2014;0;4;22.6;13.3
16/03/2014;0;11.6;24.8;18.2
17/03/2014;0;8.5;25.8;17.15
18/03/2014;0;6.6;17.7;12.15
19/03/2014;0;8;23.1;15.55
20/03/2014;0;4.6;17.6;11.1
21/03/2014;2.5;11.3;16.2;13.75
22/03/2014;3;9.4;15.2;12.3
23/03/2014;0;6;13.7;9.85
24/03/2014;0;1.9;14.6;8.25
25/03/2014;0.5;5.5;15.3;10.4
26/03/2014;0;7.1;16.6;11.85
27/03/2014;0;4.3;17;10.65
28/03/2014;0;0.3;15.9;8.1
29/03/2014;0;5.1;18.7;11.9
30/03/2014;0;7.2;16.7;11.95
31/03/2014;0;5.5;16.7;11.1
01/04/2014;0.5;9.6;16.4;13
02/04/2014;0;10.5;19.3;14.9
03/04/2014;1;11.8;18.6;15.2
04/04/2014;0;10.9;22.1;16.5
05/04/2014;0;12.1;23;17.55
06/04/2014;0;6.2;25;15.6
07/04/2014;0;8.7;23.5;16.1
08/04/2014;4.5;11.6;23.2;17.4
09/04/2014;0;6.7;24;15.35
10/04/2014;0.5;6.1;24.3;15.2
11/04/2014;0;6.9;20;13.45
12/04/2014;0;10.3;22.3;16.3
13/04/2014;0;12.3;25.8;19.05
14/04/2014;0;6.6;26.3;16.45
15/04/2014;0;11.3;24.7;18
16/04/2014;0;5.4;21.8;13.6
17/04/2014;0;3.7;19.4;11.55
18/04/2014;0;4.9;22.6;13.75
19/04/2014;0;10.1;19.7;14.9
20/04/2014;4.5;8.4;11.2;9.8
21/04/2014;1.5;9.2;19.5;14.35
22/04/2014;5.5;7.9;16.8;12.35
23/04/2014;0;10.7;23.4;17.05
24/04/2014;4;8.5;24.2;16.35
25/04/2014;5.5;11.8;18.4;15.1
26/04/2014;4;6.6;22.5;14.55
27/04/2014;0;7.9;19.2;13.55
28/04/2014;0;10.2;20.4;15.3
29/04/2014;0;7.6;23.1;15.35
30/04/2014;0;12.2;20.8;16.5
01/05/2014;0;8.9;22.7;15.8
02/05/2014;0;10.6;19.9;15.25
03/05/2014;0;14.9;21.1;18
04/05/2014;0;8.5;22;15.25
05/05/2014;0;6.3;22.2;14.25
06/05/2014;0;7.3;20.3;13.8
07/05/2014;0;12.8;23.9;18.35
08/05/2014;0;8.4;24.9;16.65
09/05/2014;0;9.5;29.8;19.65
10/05/2014;0;11.1;27.1;19.1
11/05/2014;0;17.4;22.4;19.9
12/05/2014;0;9.9;23.5;16.7
13/05/2014;0;9.2;20.8;15
14/05/2014;0;9.2;22;15.6
15/05/2014;0;13.3;21.3;17.3
16/05/2014;0;10;23.1;16.55
17/05/2014;0;9.7;27;18.35
18/05/2014;4.5;8.2;22;15.1
19/05/2014;4.5;11;16.9;13.95
20/05/2014;5;14.7;20.4;17.55
21/05/2014;1;15.3;21.6;18.45
22/05/2014;0.5;16.4;19.3;17.85
23/05/2014;2.5;9;22;15.5
24/05/2014;0;5.1;22.8;13.95
25/05/2014;0;8.7;23.1;15.9
26/05/2014;0.5;7.5;21.1;14.3
27/05/2014;0;10.3;23;16.65
28/05/2014;0;6.6;23.6;15.1
29/05/2014;0;12.6;25.2;18.9
30/05/2014;6.5;14.6;26.5;20.55
31/05/2014;0;15;26.9;20.95
01/06/2014;0;13.2;28.1;20.65
02/06/2014;0;10.1;25.6;17.85
03/06/2014;0;13.8;27.6;20.7
04/06/2014;0;11.6;24.8;18.2
05/06/2014;0;11;25.6;18.3
06/06/2014;0;10.4;25.7;18.05
07/06/2014;0;12.1;27.8;19.95
08/06/2014;0;14.1;29.3;21.7
09/06/2014;0;14;32.3;23.15
10/06/2014;0;13.6;34.2;23.9
11/06/2014;0;18.1;34.9;26.5
12/06/2014;0;18.5;36.6;27.55
13/06/2014;4.5;21.6;36;28.8
14/06/2014;0;19.1;32;25.55
15/06/2014;1;16;22.8;19.4
16/06/2014;0;18.2;29.4;23.8
17/06/2014;8;15.8;29.2;22.5
18/06/2014;0;13.9;25.8;19.85
19/06/2014;0;11.6;29.1;20.35
20/06/2014;0;13.9;31.1;22.5
21/06/2014;0;17.4;32.3;24.85
22/06/2014;0;17.4;29.6;23.5
23/06/2014;3;18.7;28.5;23.6
24/06/2014;19.5;17.7;32.1;24.9
25/06/2014;0;17.2;27.5;22.35
26/06/2014;0;18.9;30.3;24.6
27/06/2014;0;15.5;28.5;22
28/06/2014;1;16.9;26.7;21.8
29/06/2014;0;16.8;25.7;21.25
30/06/2014;0;15.5;28.7;22.1
01/07/2014;2;13.4;26.9;20.15
02/07/2014;0;19.4;27.8;23.6
03/07/2014;0;15.1;29.6;22.35
04/07/2014;1;18.2;24.9;21.55
05/07/2014;0;18.2;30;24.1
06/07/2014;1;17.6;28;22.8
07/07/2014;9;17.5;22.9;20.2
08/07/2014;0;14.9;25.1;20
09/07/2014;0;16.8;24.3;20.55
10/07/2014;0;16.9;23.6;20.25
11/07/2014;0;15.6;26.9;21.25
12/07/2014;0;14.8;28.2;21.5
13/07/2014;0;16.2;29.6;22.9
14/07/2014;0;14.9;30.5;22.7
15/07/2014;0;17.8;31.5;24.65
16/07/2014;0;17.2;34.4;25.8
17/07/2014;0;16.9;34.4;25.65
18/07/2014;0;19.6;31.5;25.55
19/07/2014;0.5;18.6;30.8;24.7
20/07/2014;19;16.4;27.7;22.05
21/07/2014;0;18.4;27.6;23
22/07/2014;0;19.6;30.3;24.95
23/07/2014;0;17.9;33.2;25.55
24/07/2014;0;18.8;32.4;25.6
25/07/2014;9;18.6;29.6;24.1
26/07/2014;0;15.7;31.8;23.75
27/07/2014;0;17.7;32;24.85
28/07/2014;0.5;16.3;28.8;22.55
29/07/2014;0.5;13.9;24.7;19.3
30/07/2014;0;19.1;30.3;24.7
31/07/2014;0;17.3;32.5;24.9
01/08/2014;0;16.3;30.6;23.45
02/08/2014;0.5;17.4;28.6;23
03/08/2014;0;17.7;29.9;23.8
04/08/2014;0;19.1;29.7;24.4
05/08/2014;0;15.3;30.7;23
06/08/2014;0;15.8;33.5;24.65
07/08/2014;0;18.8;32.7;25.75
08/08/2014;22.5;24.5;31.1;27.8
09/08/2014;0.5;16.9;28.7;22.8
10/08/2014;0.5;20.2;27.1;23.65
11/08/2014;0;20.2;31.2;25.7
12/08/2014;8.5;13.5;30.6;22.05
13/08/2014;0;17;24.4;20.7
14/08/2014;0;12.5;26.4;19.45
15/08/2014;0;15.8;25.8;20.8
16/08/2014;0;13.8;27.3;20.55
17/08/2014;0;11.7;28.1;19.9
18/08/2014;3;11.9;28.6;20.25
19/08/2014;0.5;18.1;29.7;23.9
20/08/2014;0;14;29.1;21.55
21/08/2014;0;13;27.2;20.1
22/08/2014;1;13.1;26;19.55
23/08/2014;0;16.6;26.3;21.45
24/08/2014;0;11.9;27.1;19.5
25/08/2014;1;12.5;27.7;20.1
26/08/2014;0.5;16.3;29.8;23.05
27/08/2014;0;18.5;30.7;24.6
28/08/2014;0;14.4;34.4;24.4
29/08/2014;0;15.9;32.1;24
30/08/2014;0;17.9;30.7;24.3
31/08/2014;0;13.1;31.9;22.5
01/09/2014;0;15.3;28.7;22
02/09/2014;0;11.1;31.3;21.2
03/09/2014;0;15.4;28.9;22.15
04/09/2014;0;10.9;28.1;19.5
05/09/2014;0;15.1;30;22.55
06/09/2014;0;15.2;32.2;23.7
07/09/2014;0;14.9;30.1;22.5
08/09/2014;5.5;18.4;27.7;23.05
09/09/2014;0.5;16.1;29.5;22.8
10/09/2014;0;15.8;32.1;23.95
11/09/2014;0;15.7;31.6;23.65
12/09/2014;0;16;28.8;22.4
13/09/2014;0;17.2;30.4;23.8
14/09/2014;0;12.7;28.5;20.6
15/09/2014;1;16.3;26.7;21.5
16/09/2014;0;14.4;25.6;20
17/09/2014;82.5;17.4;23.6;20.5
18/09/2014;2.5;16.6;24.7;20.65
19/09/2014;1;19.3;25.2;22.25
20/09/2014;0;17.7;28.5;23.1
21/09/2014;0;15.3;29;22.15
22/09/2014;0;15.2;25.3;20.25
23/09/2014;1;14.6;23.8;19.2
24/09/2014;9.5;14;20.1;17.05
25/09/2014;0;9.4;23.6;16.5
26/09/2014;0;8.8;25.7;17.25
27/09/2014;0;10.3;25.4;17.85
28/09/2014;0;11.4;25.5;18.45
29/09/2014;177;16.3;18.4;17.35
30/09/2014;0;16.7;22.7;19.7
01/10/2014;0;13.3;28;20.65
02/10/2014;0;12.3;27;19.65
03/10/2014;0;13.4;27;20.2
04/10/2014;0.5;12.7;24.1;18.4
05/10/2014;0.5;14.1;23.1;18.6
06/10/2014;13;8.2;19.9;14.05
07/10/2014;3.5;18.2;24;21.1
08/10/2014;0;19;23.9;21.45
09/10/2014;28.5;19.1;23.5;21.3
10/10/2014;6.5;17;23;20
11/10/2014;0.5;15.7;25.3;20.5
12/10/2014;0.5;17.1;23.2;20.15
13/10/2014;0;18.4;23.5;20.95
14/10/2014;0;16.3;22.3;19.3
15/10/2014;0.5;13.2;22.7;17.95
16/10/2014;0;13.8;24.6;19.2
17/10/2014;0.5;16.6;27.6;22.1
18/10/2014;0;13.6;24.4;19
19/10/2014;0;17.5;24.4;20.95
20/10/2014;0.5;13.2;23.8;18.5
21/10/2014;0;14.7;25.3;20
22/10/2014;0;12.2;17.6;14.9
23/10/2014;0;5.8;19.9;12.85
24/10/2014;0;8.8;23.2;16
25/10/2014;0;9.3;25.1;17.2
26/10/2014;0;10.2;22.5;16.35
27/10/2014;2.5;8.1;20.9;14.5
28/10/2014;0.5;10.7;18.5;14.6
29/10/2014;0;7.8;19.5;13.65
30/10/2014;0.5;6.5;22;14.25
31/10/2014;0;7.1;21.3;14.2
01/11/2014;0;7;17.1;12.05
02/11/2014;2;13.4;19.7;16.55
03/11/2014;17;15.2;20.8;18
04/11/2014;2;11.7;18.1;14.9
05/11/2014;0;7;16.5;11.75
06/11/2014;0;2.4;16;9.2
07/11/2014;0;1.7;16.3;9
08/11/2014;7.5;5.8;19.3;12.55
09/11/2014;0.5;10.2;16.7;13.45
10/11/2014;0.5;9.8;18.7;14.25
11/11/2014;22;11.4;17.7;14.55
12/11/2014;0;11.5;18.5;15
13/11/2014;0.5;4.9;18.3;11.6
14/11/2014;26;6.1;18.1;12.1
15/11/2014;0;10.4;17.7;14.05
16/11/2014;2;5.1;16;10.55
17/11/2014;0;7.8;14.5;11.15
18/11/2014;0;7.7;16.2;11.95
19/11/2014;0.5;3.9;16.5;10.2
20/11/2014;0;5.3;13.6;9.45
21/11/2014;0;11.7;15;13.35
22/11/2014;0;13.4;16.8;15.1
23/11/2014;0;13.8;17;15.4
24/11/2014;16;11.6;17.5;14.55
25/11/2014;34;13.4;15.5;14.45
26/11/2014;49.5;12.6;14.2;13.4
27/11/2014;40.5;10.7;17.4;14.05
28/11/2014;12.5;9.4;16.8;13.1
29/11/2014;12;15;18.8;16.9
30/11/2014;4.5;11.8;14.7;13.25
01/12/2014;2;6.9;9.8;8.35
02/12/2014;0;6.3;14;10.15
03/12/2014;0;5.5;10.6;8.05
04/12/2014;12.5;5;11.5;8.25
05/12/2014;31;6.8;8.5;7.65
06/12/2014;5.5;5.6;7.2;6.4
07/12/2014;0;3.4;13.8;8.6
08/12/2014;0.5;3.3;11.2;7.25
09/12/2014;0;5.5;9.7;7.6
10/12/2014;0;-1.9;12.8;5.45
11/12/2014;0;2.7;14.2;8.45
12/12/2014;0;-0.1;12.5;6.2
13/12/2014;0;7.8;15.4;11.6
14/12/2014;0.5;10;14.9;12.45
15/12/2014;1;7.8;15.2;11.5
16/12/2014;0;8.2;15.8;12
17/12/2014;1;5.1;13.9;9.5
18/12/2014;0;7.2;19.4;13.3
19/12/2014;0;5.7;18.2;11.95
20/12/2014;0;3.6;18.3;10.95
21/12/2014;0;2;14.9;8.45
22/12/2014;0;1.2;15.3;8.25
23/12/2014;0.5;-1.2;10.3;4.55
24/12/2014;0;6;16.1;11.05
25/12/2014;0;2.2;16.7;9.45
26/12/2014;0;3.6;11.7;7.65
27/12/2014;0.5;-0.9;11.8;5.45
28/12/2014;0;-0.4;8.4;4
29/12/2014;0;0.4;9;4.7
30/12/2014;0;0.8;9.8;5.3
31/12/2014;0;0.4;8.8;4.6
01/01/2015;0;0;9.4;4.7
02/01/2015;0;-2.3;14.4;6.05
03/01/2015;0;2.2;19.2;10.7
04/01/2015;0;8.8;17.9;13.35
05/01/2015;0;1;13.3;7.15
06/01/2015;0;-2.9;13.6;5.35
07/01/2015;0;-2.1;15.2;6.55
08/01/2015;0;-0.5;16.1;7.8
09/01/2015;0;2.1;18.8;10.45
10/01/2015;0;4.3;20.9;12.6
11/01/2015;0;8.7;15.2;11.95
12/01/2015;0;-2;13.7;5.85
13/01/2015;0;-0.7;13.8;6.55
14/01/2015;0;5.7;15.5;10.6
15/01/2015;0;1.6;15.6;8.6
16/01/2015;2;8.5;13.7;11.1
17/01/2015;0;6;11.4;8.7
18/01/2015;7;-3;7.5;2.25
19/01/2015;30;4.1;7.1;5.6
20/01/2015;6;2.1;8.6;5.35
21/01/2015;3;3.6;6;4.8
22/01/2015;0;1.5;9.7;5.6
23/01/2015;0;-0.5;9.2;4.35
24/01/2015;0;-1.3;12.2;5.45
25/01/2015;0;4.3;9.8;7.05
26/01/2015;0;1.4;10.2;5.8
27/01/2015;0;4.9;11.3;8.1
28/01/2015;0;0.2;12;6.1
29/01/2015;1.5;5.1;11.7;8.4
30/01/2015;0;5.8;10.1;7.95
31/01/2015;0;-0.5;11.5;5.5
01/02/2015;0;3.5;9.2;6.35
02/02/2015;0;-2.2;9.4;3.6
03/02/2015;1;-3.1;3.9;0.4
04/02/2015;0;-1.7;5.5;1.9
05/02/2015;0;1.5;5.5;3.5
06/02/2015;0;-3;6.8;1.9
07/02/2015;0;-2.5;10.4;3.95
08/02/2015;0;-4.6;10;2.7
09/02/2015;0;3.2;13.3;8.25
10/02/2015;0;-2.1;14.6;6.25
11/02/2015;0;-2.1;14;5.95
12/02/2015;0;0.3;14.3;7.3
13/02/2015;2;5.8;11.4;8.6
14/02/2015;4;5.9;12.1;9
15/02/2015;2.5;2.2;9.3;5.75
16/02/2015;0;2.8;15.7;9.25
17/02/2015;0;4.3;13;8.65
18/02/2015;0;3.1;13.2;8.15
19/02/2015;0;-0.7;14.6;6.95
20/02/2015;0;-0.9;11.6;5.35
21/02/2015;2;3.2;11.7;7.45
22/02/2015;0;4.1;11.8;7.95
23/02/2015;0;-1.8;17.9;8.05
24/02/2015;0;7.4;12.8;10.1
25/02/2015;0;6.6;15.7;11.15
26/02/2015;0;5.4;16.6;11
27/02/2015;4.5;5.5;13.1;9.3
28/02/2015;0.5;2.2;12.8;7.5
01/03/2015;1;4.4;12.6;8.5
02/03/2015;0;7.7;18.9;13.3
03/03/2015;0;6.9;16.8;11.85
04/03/2015;1;8.3;12.1;10.2
05/03/2015;0;6.8;14;10.4
06/03/2015;0;4;17.2;10.6
07/03/2015;0;-0.3;16.4;8.05
08/03/2015;0;1.9;16.6;9.25
09/03/2015;0;2.2;18;10.1
10/03/2015;0;0.8;20.1;10.45
11/03/2015;0;5.2;23.7;14.45
12/03/2015;0;5.4;18.6;12
13/03/2015;0;4.2;17.4;10.8
14/03/2015;4;5.2;15.9;10.55
15/03/2015;25;5.8;9.1;7.45
16/03/2015;1.5;6.8;14.3;10.55
17/03/2015;0.5;7.7;13.9;10.8
18/03/2015;0;9.7;17;13.35
19/03/2015;0;5.3;19.8;12.55
20/03/2015;0.5;6.7;17.9;12.3
21/03/2015;3.5;7.7;13.7;10.7
22/03/2015;0;7.5;14.6;11.05
23/03/2015;0;7.3;16.7;12
24/03/2015;4.5;5.2;15.4;10.3
25/03/2015;1;7.1;12.9;10
26/03/2015;0;3.1;16.6;9.85
27/03/2015;0;3.9;20.2;12.05
28/03/2015;0;7.8;21;14.4
29/03/2015;0;6.4;19.4;12.9
30/03/2015;0;13.4;20.6;17
31/03/2015;0;13.6;19.2;16.4
01/04/2015;0;10.1;17.3;13.7
02/04/2015;0;4.9;19.5;12.2
03/04/2015;0;5.8;22.8;14.3
04/04/2015;0;8.5;18.6;13.55
05/04/2015;0;7;15.5;11.25
06/04/2015;0;5.1;17.9;11.5
07/04/2015;0;7;17;12
08/04/2015;0;1.8;17.8;9.8
09/04/2015;0;1.2;17.2;9.2
10/04/2015;0;2.8;18.3;10.55
11/04/2015;0;3.5;19.6;11.55
12/04/2015;0.5;4.8;20.5;12.65
13/04/2015;0;5.4;24.5;14.95
14/04/2015;0;8.2;28.5;18.35
15/04/2015;0;5.5;21.9;13.7
16/04/2015;15.5;9.7;19.2;14.45
17/04/2015;0.5;11.7;20.4;16.05
18/04/2015;0;8.3;24.1;16.2
19/04/2015;28.5;10.4;14.9;12.65
20/04/2015;1;10.6;20.1;15.35
21/04/2015;0.5;7.7;22.4;15.05
22/04/2015;0;6.7;20.3;13.5
23/04/2015;0;10;24.3;17.15
24/04/2015;0.5;8.3;25;16.65
25/04/2015;6.5;14.3;18.7;16.5
26/04/2015;26.5;14;17.3;15.65
27/04/2015;20.5;12.2;16.1;14.15
28/04/2015;0;11.2;18.2;14.7
29/04/2015;0;4.4;18.6;11.5
30/04/2015;0;5.5;20;12.75
01/05/2015;1;14;18.4;16.2
02/05/2015;0;14.7;23.5;19.1
03/05/2015;0;14.8;20.5;17.65
04/05/2015;0;14.3;22;18.15
05/05/2015;0;14.2;23.6;18.9
06/05/2015;0;13.2;27.3;20.25
07/05/2015;0;9.1;23.9;16.5
08/05/2015;0;8.4;23.8;16.1
09/05/2015;0;11.2;28.1;19.65
10/05/2015;0;12.1;28.6;20.35
11/05/2015;0;9.8;26.1;17.95
12/05/2015;0;10.1;23.1;16.6
13/05/2015;0;10.6;23.1;16.85
14/05/2015;0;14.1;29.9;22
15/05/2015;0.5;12;20.6;16.3
16/05/2015;0;15.6;25.1;20.35
17/05/2015;0;12.6;27;19.8
18/05/2015;0;8.5;25.9;17.2
19/05/2015;1;12.1;22.7;17.4
20/05/2015;0;7.2;20.2;13.7
21/05/2015;0;17.3;21.2;19.25
22/05/2015;0;13.2;23.8;18.5
23/05/2015;0;15.1;22.9;19
24/05/2015;0;14.3;26.3;20.3
25/05/2015;0;10.6;26.3;18.45
26/05/2015;0;16.4;23.3;19.85
27/05/2015;0;12.8;26;19.4
28/05/2015;0;9.9;27.9;18.9
29/05/2015;0;10.4;24.2;17.3
30/05/2015;0;12.9;28.7;20.8
31/05/2015;0;13.2;26.9;20.05
01/06/2015;0;10.3;26.7;18.5
02/06/2015;0;13;28;20.5
03/06/2015;0;14.2;29.7;21.95
04/06/2015;0;14.8;30.3;22.55
05/06/2015;0;13.9;30.4;22.15
06/06/2015;0;12.3;34.4;23.35
07/06/2015;0;20.7;33.8;27.25
08/06/2015;0;18.5;32.6;25.55
09/06/2015;1;18.4;31.5;24.95
10/06/2015;0;16.9;27.4;22.15
11/06/2015;1;17.9;28.8;23.35
12/06/2015;53;15.6;22.5;19.05
13/06/2015;0;13.1;25.9;19.5
14/06/2015;2.5;16.7;26.4;21.55
15/06/2015;0.5;13.9;28;20.95
16/06/2015;2.5;14.2;27.4;20.8
17/06/2015;0;18.8;28.2;23.5
18/06/2015;0;16.1;31;23.55
19/06/2015;0;16.3;28.9;22.6
20/06/2015;0;17.6;29.4;23.5
21/06/2015;0;18.2;31;24.6
22/06/2015;0;14.7;29.6;22.15
23/06/2015;0;18.1;30.4;24.25
24/06/2015;0;14.8;29.2;22
25/06/2015;0;12.8;29;20.9
26/06/2015;0;14.5;32.8;23.65
27/06/2015;0;15.8;35.9;25.85
28/06/2015;0;21.1;34.6;27.85
29/06/2015;0;16.9;35.4;26.15
30/06/2015;0;17.1;30.2;23.65
01/07/2015;0;17.1;29.6;23.35
02/07/2015;0;16.5;32.6;24.55
03/07/2015;0;17.6;33.2;25.4
04/07/2015;0;18.1;33.8;25.95
05/07/2015;0;18.6;32.7;25.65
06/07/2015;0;20.3;35;27.65
07/07/2015;0;20.6;32.1;26.35
08/07/2015;0;18.9;32;25.45
09/07/2015;0;18.5;32.8;25.65
10/07/2015;0;18.7;31.9;25.3
11/07/2015;0;16.9;36.3;26.6
12/07/2015;0;21.7;35.8;28.75
13/07/2015;0;20.1;36.1;28.1
14/07/2015;0;18.6;36.4;27.5
15/07/2015;0;22.1;36.5;29.3
16/07/2015;0;17.9;31;24.45
17/07/2015;0;18.5;32;25.25
18/07/2015;0;20.1;33.4;26.75
19/07/2015;0;18.8;34.5;26.65
20/07/2015;0;22.2;36.5;29.35
21/07/2015;0;25.4;36.2;30.8
22/07/2015;0;19.7;34.4;27.05
23/07/2015;0;22.6;36.9;29.75
24/07/2015;0;20.7;34.2;27.45
25/07/2015;0;22.6;30.5;26.55
26/07/2015;0;16.8;29.4;23.1
27/07/2015;0;20.2;31.3;25.75
28/07/2015;0;15.7;33;24.35
29/07/2015;0;16.4;33.4;24.9
30/07/2015;0.5;17.5;25.8;21.65
31/07/2015;5;11.5;31.2;21.35
01/08/2015;0;15.9;29.5;22.7
02/08/2015;0;15.1;31.3;23.2
03/08/2015;1;14.2;31.3;22.75
04/08/2015;0;21.3;34.3;27.8
05/08/2015;0;21.2;34;27.6
06/08/2015;0;17.7;34.5;26.1
07/08/2015;0;17.5;34.6;26.05
08/08/2015;2.5;20;36.1;28.05
09/08/2015;0;15.8;29.5;22.65
10/08/2015;0;20;31.1;25.55
11/08/2015;0;17.8;33.5;25.65
12/08/2015;0;16.8;34.1;25.45
13/08/2015;35;17.2;26.8;22
14/08/2015;0;15.7;26.4;21.05
15/08/2015;0;15.9;28;21.95
16/08/2015;0;12.1;28;20.05
17/08/2015;0;12.4;29.5;20.95
18/08/2015;0;14.2;28.1;21.15
19/08/2015;0;12.9;29.3;21.1
20/08/2015;0;13.6;31.8;22.7
21/08/2015;0;17.4;33.4;25.4
22/08/2015;0;15.4;28;21.7
23/08/2015;98.5;17.2;23.5;20.35
24/08/2015;0;18.1;26.6;22.35
25/08/2015;0;12.1;26.7;19.4
26/08/2015;0;13.6;27.5;20.55
27/08/2015;0;16.7;27.8;22.25
28/08/2015;0;17.5;25.8;21.65
29/08/2015;0;17.1;29.7;23.4
30/08/2015;0;14.2;29.7;21.95
31/08/2015;26;16.2;30.1;23.15
01/09/2015;0;17.7;29.7;23.7
02/09/2015;0;14.4;26.3;20.35
03/09/2015;0;15.1;26.4;20.75
04/09/2015;0;12.7;25.8;19.25
05/09/2015;0;10.6;24.3;17.45
06/09/2015;0;13.9;25.5;19.7
07/09/2015;0;8.3;26.1;17.2
08/09/2015;0;12.9;25.6;19.25
09/09/2015;0;17.8;26.9;22.35
10/09/2015;0;10.1;25.4;17.75
11/09/2015;0;14.4;24.7;19.55
12/09/2015;31;17.9;23;20.45
13/09/2015;1.5;16.5;23.3;19.9
14/09/2015;0;15.4;24.1;19.75
15/09/2015;0.5;13.3;22.1;17.7
16/09/2015;0.5;21.1;24.3;22.7
17/09/2015;0.5;17.5;24.3;20.9
18/09/2015;0;12.1;24.5;18.3
19/09/2015;0;9.1;24.2;16.65
20/09/2015;0;14;24.8;19.4
21/09/2015;0;8.5;25.7;17.1
22/09/2015;0;10.6;22.5;16.55
23/09/2015;0;10.7;21.6;16.15
24/09/2015;0;11.8;24.7;18.25
25/09/2015;0;9;25.5;17.25
26/09/2015;0;12.4;24.7;18.55
27/09/2015;0;10.2;25.6;17.9
28/09/2015;3;13.2;24.6;18.9
29/09/2015;0.5;11.5;18.7;15.1
30/09/2015;0;12.3;22.2;17.25
01/10/2015;0;7.5;21.9;14.7
02/10/2015;5.5;9.9;21.9;15.9
03/10/2015;45.5;10.3;17.6;13.95
04/10/2015;0;6.4;19.6;13
05/10/2015;0;12.8;22;17.4
06/10/2015;0.5;17.1;23.7;20.4
07/10/2015;0;10.5;21.4;15.95
08/10/2015;0;11.1;21.9;16.5
09/10/2015;0;9.3;22.8;16.05
10/10/2015;0;11.3;26;18.65
11/10/2015;1;11.5;22.8;17.15
12/10/2015;33;12.3;15.6;13.95
13/10/2015;1.5;13.6;19.6;16.6
14/10/2015;0;4.6;18.3;11.45
15/10/2015;0;1.3;14.4;7.85
16/10/2015;0;1.1;16.3;8.7
17/10/2015;0.5;1.7;16.6;9.15
18/10/2015;7.5;8.4;13.3;10.85
19/10/2015;0;11.7;18.7;15.2
20/10/2015;0;9;17.2;13.1
21/10/2015;0;6.5;18;12.25
22/10/2015;0;5.8;19.5;12.65
23/10/2015;0;6.6;20.8;13.7
24/10/2015;0;8.5;19.1;13.8
25/10/2015;0;9.5;22.1;15.8
26/10/2015;3.5;9;19.2;14.1
27/10/2015;9;13.9;17.8;15.85
28/10/2015;6;12.5;19.2;15.85
29/10/2015;0;5.1;21.3;13.2
30/10/2015;0;7.8;20.5;14.15
31/10/2015;0.5;7.1;20.7;13.9
01/11/2015;0;6.2;21.8;14
02/11/2015;12.5;5.5;18.5;12
03/11/2015;22;11.6;18.5;15.05
04/11/2015;15;13.9;17.8;15.85
05/11/2015;0;10.9;19.9;15.4
06/11/2015;0.5;8.1;22.9;15.5
07/11/2015;0;9.8;18.8;14.3
08/11/2015;0.5;7.9;14.9;11.4
09/11/2015;0;12.4;24.2;18.3
10/11/2015;0;8.9;23.5;16.2
11/11/2015;0.5;6.5;21.1;13.8
12/11/2015;0;6.5;18.5;12.5
13/11/2015;0;9.7;19.5;14.6
14/11/2015;0;9.1;21.8;15.45
15/11/2015;0;6.2;25.1;15.65
16/11/2015;0;6.1;23.2;14.65
17/11/2015;0.5;3.9;21.7;12.8
18/11/2015;0;8.2;23.1;15.65
19/11/2015;0;7.3;21.3;14.3
20/11/2015;0;10.8;19;14.9
21/11/2015;0;7.5;13.8;10.65
22/11/2015;0;4.2;10.7;7.45
23/11/2015;0;-0.7;10.1;4.7
24/11/2015;1.5;-3.4;11.8;4.2
25/11/2015;0;1.2;13.2;7.2
26/11/2015;0;7.7;11.8;9.75
27/11/2015;0;-1.8;11.8;5
28/11/2015;0;-2.4;15.3;6.45
29/11/2015;0;-0.7;15.6;7.45
30/11/2015;0;1.1;19.1;10.1
01/12/2015;0;2.5;17.3;9.9
02/12/2015;0.5;0.1;14.6;7.35
03/12/2015;0;1.5;12.6;7.05
04/12/2015;0;5.7;17.6;11.65
05/12/2015;0;6.5;13.5;10
06/12/2015;3;10.4;14.4;12.4
07/12/2015;1;9.2;15;12.1
08/12/2015;2.5;10.5;13.8;12.15
09/12/2015;0;5.7;15.6;10.65
10/12/2015;0;3.5;14.7;9.1
11/12/2015;0.5;4;15.2;9.6
12/12/2015;0;0.5;14.5;7.5
13/12/2015;0;3;13.4;8.2
14/12/2015;0.5;7.9;15;11.45
15/12/2015;0;8.7;12;10.35
16/12/2015;0;5.6;18.7;12.15
17/12/2015;0;7.2;11.3;9.25
18/12/2015;0;8.8;15.1;11.95
19/12/2015;0.5;5.7;11.8;8.75
20/12/2015;0.5;10.6;14.5;12.55
21/12/2015;4;11.8;13.9;12.85
22/12/2015;1;10.1;14.3;12.2
23/12/2015;0.5;11.4;15.9;13.65
24/12/2015;0;10.3;15.6;12.95
25/12/2015;0.5;11.9;15;13.45
26/12/2015;0;10.4;14.1;12.25
27/12/2015;0;10.2;13.6;11.9
28/12/2015;0;10.8;13.6;12.2
29/12/2015;0;9;14.5;11.75
30/12/2015;0.5;5;13.5;9.25
31/12/2015;8.5;7.2;10.2;8.7
01/01/2016;12.5;9;11.9;10.45
02/01/2016;0.5;8.8;13.2;11
03/01/2016;1;4.3;11.4;7.85
04/01/2016;0;6.5;12.4;9.45
05/01/2016;0;7.2;11.8;9.5
06/01/2016;3.5;5;12.3;8.65
07/01/2016;0.5;6.2;17.3;11.75
08/01/2016;0;6.3;13.4;9.85
09/01/2016;0.5;7.3;13.7;10.5
10/01/2016;0;6.7;14.8;10.75
11/01/2016;0.5;6.7;15.6;11.15
12/01/2016;0;6.4;13;9.7
13/01/2016;0;-0.8;11.5;5.35
14/01/2016;0;2.3;9.1;5.7
15/01/2016;0;0.6;10.4;5.5
16/01/2016;0;2.8;9.2;6
17/01/2016;0;0.1;9.8;4.95
18/01/2016;5;-0.6;4.3;1.85
19/01/2016;1;1.2;8.9;5.05
20/01/2016;0;4.2;10.1;7.15
21/01/2016;0;-0.6;11;5.2
22/01/2016;1.5;-1.7;8.8;3.55
23/01/2016;0;4.1;15.6;9.85
24/01/2016;0;0.9;11.5;6.2
25/01/2016;0;7.4;10.3;8.85
26/01/2016;0;8.8;12.9;10.85
27/01/2016;0.5;9.7;12;10.85
28/01/2016;0;9.7;13.6;11.65
29/01/2016;0;6.3;18.3;12.3
30/01/2016;0;2;14.6;8.3
31/01/2016;0;9.5;17.3;13.4
01/02/2016;0;10.4;19.5;14.95
02/02/2016;0;5.6;17.9;11.75
03/02/2016;0;7.3;14.8;11.05
04/02/2016;0;1.8;12.8;7.3
05/02/2016;0;0.5;18.8;9.65
06/02/2016;7.5;4.6;13.4;9
07/02/2016;5;8.7;13.4;11.05
08/02/2016;0;4.1;18.7;11.4
09/02/2016;4.5;4;13.2;8.6
10/02/2016;0;4.9;11.6;8.25
11/02/2016;0;1.8;10.7;6.25
12/02/2016;14.5;3.6;10.8;7.2
13/02/2016;3.5;4.3;18;11.15
14/02/2016;0;7.9;15;11.45
15/02/2016;0;6.6;11.5;9.05
16/02/2016;0;3.6;11.5;7.55
17/02/2016;0;-3.5;9.3;2.9
18/02/2016;0;-1.1;11.5;5.2
19/02/2016;0;3.2;13.5;8.35
20/02/2016;0;-2.1;17;7.45
21/02/2016;0;1.9;21.2;11.55
22/02/2016;0.5;7.7;14.2;10.95
23/02/2016;0;6.7;16.3;11.5
24/02/2016;0;4.6;17.5;11.05
25/02/2016;0;3.3;17.5;10.4
26/02/2016;5.5;0.4;11.9;6.15
27/02/2016;49.5;5.7;9.1;7.4
28/02/2016;0;5.8;12.6;9.2
29/02/2016;0;6.6;12.6;9.6
01/03/2016;0;3.1;14.8;8.95
02/03/2016;1.5;9;17.3;13.15
03/03/2016;0;6.9;13.1;10
04/03/2016;0;1.1;15;8.05
05/03/2016;0;7.3;12.9;10.1
06/03/2016;0;0.8;11.3;6.05
07/03/2016;0;-2.4;13.1;5.35
08/03/2016;0;3.6;11;7.3
09/03/2016;8;-1.8;7.7;2.95
10/03/2016;0;-0.1;15.4;7.65
11/03/2016;0;3.6;15.1;9.35
12/03/2016;0;2.7;16.6;9.65
13/03/2016;0;0.2;15.5;7.85
14/03/2016;0;6.7;16.8;11.75
15/03/2016;0;7.4;17.4;12.4
16/03/2016;1;3.9;10.6;7.25
17/03/2016;7;2.9;10.1;6.5
18/03/2016;0;3.7;16.5;10.1
19/03/2016;0;0.9;16;8.45
20/03/2016;1.5;8.1;12.9;10.5
21/03/2016;0;4.6;19.4;12
22/03/2016;0;3.8;19.7;11.75
23/03/2016;0;2.2;17.8;10
24/03/2016;0;2.8;21.1;11.95
25/03/2016;0;5;16.2;10.6
26/03/2016;2.5;5.7;20;12.85
27/03/2016;2.5;7.5;14.6;11.05
28/03/2016;0.5;3.3;15.9;9.6
29/03/2016;0;4.1;19.9;12
30/03/2016;0;8.4;16.6;12.5
31/03/2016;0;8;19.9;13.95
01/04/2016;5.5;8.8;12.4;10.6
02/04/2016;20.5;8.7;15.1;11.9
03/04/2016;0.5;12.5;16.3;14.4
04/04/2016;33.5;11;14.5;12.75
05/04/2016;11.5;12.7;15.8;14.25
06/04/2016;0;10.7;23.2;16.95
07/04/2016;0;7.6;18.4;13
08/04/2016;0;6.7;15.8;11.25
09/04/2016;0;10.3;19.5;14.9
10/04/2016;0;3.5;17.9;10.7
11/04/2016;0;11.9;16.1;14
12/04/2016;0;12.1;17.5;14.8
13/04/2016;10.5;9.7;19.4;14.55
14/04/2016;0;4.1;20.2;12.15
15/04/2016;0;8;19.4;13.7
16/04/2016;0;9.9;18.1;14
17/04/2016;0;13.5;21.3;17.4
18/04/2016;0;5.2;19.2;12.2
19/04/2016;0;3.9;22.5;13.2
20/04/2016;0;8;21.4;14.7
21/04/2016;14;9.3;17.3;13.3
22/04/2016;0;9;20;14.5
23/04/2016;0;12.8;20.7;16.75
24/04/2016;0;9.2;16;12.6
25/04/2016;0;7.9;19.2;13.55
26/04/2016;0;7.7;19.1;13.4
27/04/2016;0;6.9;19.3;13.1
28/04/2016;0;5.2;19.5;12.35
29/04/2016;0;3.1;19.1;11.1
30/04/2016;4;5.9;15.8;10.85
01/05/2016;0;9.3;15;12.15
02/05/2016;0;10;22.7;16.35
03/05/2016;0;9;22.6;15.8
04/05/2016;0;11;24;17.5
05/05/2016;0;4.7;21.7;13.2
06/05/2016;0;6.3;21.8;14.05
07/05/2016;0;9.6;21.6;15.6
08/05/2016;9.5;8.9;17.6;13.25
09/05/2016;33;13.5;17;15.25
10/05/2016;6;13.5;17.8;15.65
11/05/2016;17;13.2;18.3;15.75
12/05/2016;0;10.7;23.7;17.2
13/05/2016;0.5;11.5;19;15.25
14/05/2016;0;15.1;25.1;20.1
15/05/2016;0;11.1;22.4;16.75
16/05/2016;0;6.6;24;15.3
17/05/2016;0;9.7;24.6;17.15
18/05/2016;1;8.3;22.2;15.25
19/05/2016;0;13.3;20.6;16.95
20/05/2016;0;7.4;27.4;17.4
21/05/2016;0;9.7;24.9;17.3
22/05/2016;19;12.2;20;16.1
23/05/2016;0;8.7;20.4;14.55
24/05/2016;0;5.7;22.6;14.15
25/05/2016;0;10.5;21.5;16
26/05/2016;0;11.2;22.9;17.05
27/05/2016;0;10.4;27;18.7
28/05/2016;34;14.3;23;18.65
29/05/2016;0;13.3;23.1;18.2
30/05/2016;0;13.5;23.7;18.6
31/05/2016;6;13.4;21;17.2
01/06/2016;1.5;12.8;20.5;16.65
02/06/2016;0;13.4;25.5;19.45
03/06/2016;0;15.5;24.5;20
04/06/2016;1.5;14.1;26.8;20.45
05/06/2016;0;13.1;26.8;19.95
06/06/2016;0;13.6;27.6;20.6
07/06/2016;2.5;16;28.9;22.45
08/06/2016;0;15.5;31.1;23.3
09/06/2016;0;13.6;29.4;21.5
10/06/2016;0.5;14.5;26.5;20.5
11/06/2016;0;14.9;26.4;20.65
12/06/2016;0;13.3;27.2;20.25
13/06/2016;0;18.4;27.9;23.15
14/06/2016;0.5;16.9;24.6;20.75
15/06/2016;4;14.2;24.5;19.35
16/06/2016;0;13.9;24.7;19.3
17/06/2016;0;12.7;24;18.35
18/06/2016;2;13;23.2;18.1
19/06/2016;0;13.8;24.7;19.25
20/06/2016;0;13;28.6;20.8
21/06/2016;0;16.2;30.7;23.45
22/06/2016;0;14.6;29.2;21.9
23/06/2016;0;13;29.9;21.45
24/06/2016;0;12.9;32.8;22.85
25/06/2016;0;20;31.9;25.95
26/06/2016;0;17.8;30.8;24.3
27/06/2016;0;14.7;31;22.85
28/06/2016;0;13.3;31.3;22.3
29/06/2016;0;15.5;31.5;23.5
30/06/2016;0;18.4;30.8;24.6
01/07/2016;0;17.4;31.7;24.55
02/07/2016;0;17;29.6;23.3
03/07/2016;0;14.6;31.8;23.2
04/07/2016;0;17.4;33.7;25.55
05/07/2016;0;17.7;32.8;25.25
06/07/2016;0;17.9;34.3;26.1
07/07/2016;2.5;14.7;34.7;24.7
08/07/2016;0;19.6;33.2;26.4
09/07/2016;0;20.7;36.2;28.45
10/07/2016;0;18;31.4;24.7
11/07/2016;0;18.9;32;25.45
12/07/2016;0;20.8;27.7;24.25
13/07/2016;0;13.5;25.6;19.55
14/07/2016;0;14.7;24.1;19.4
15/07/2016;0;15.6;27.1;21.35
16/07/2016;0;14.4;31.2;22.8
17/07/2016;0;14.1;30.9;22.5
18/07/2016;0;11.9;29.9;20.9
19/07/2016;0;11.6;29.5;20.55
20/07/2016;0;12.2;28.9;20.55
21/07/2016;1;19.1;33.4;26.25
22/07/2016;9;18.3;28.7;23.5
23/07/2016;6.5;18.4;30.9;24.65
24/07/2016;0;16.5;32.3;24.4
25/07/2016;0;18.3;33.5;25.9
26/07/2016;0;21.6;35.2;28.4
27/07/2016;0;17.9;32.8;25.35
28/07/2016;0;16.3;33.9;25.1
29/07/2016;0;19.6;33.1;26.35
30/07/2016;3;19.4;29.8;24.6
31/07/2016;8;19.9;32;25.95
01/08/2016;0;18.8;31;24.9
02/08/2016;0;16.1;32.9;24.5
03/08/2016;0;17.4;34.6;26
04/08/2016;3.5;17.7;30.5;24.1
05/08/2016;0;15.9;28.8;22.35
06/08/2016;0;16;29.8;22.9
07/08/2016;0;19.1;32.5;25.8
08/08/2016;0;15.4;35.7;25.55
09/08/2016;0;19.3;31.2;25.25
10/08/2016;0;17.6;28.3;22.95
11/08/2016;0;14.5;27.2;20.85
12/08/2016;0;13.5;31.6;22.55
13/08/2016;0;13.9;30.4;22.15
14/08/2016;0;11.3;30.5;20.9
15/08/2016;0;11.6;29.5;20.55
16/08/2016;0.5;17.7;28.1;22.9
17/08/2016;12.5;17.6;30.9;24.25
18/08/2016;0;18;33.2;25.6
19/08/2016;0;17.4;30.5;23.95
20/08/2016;0.5;20.6;24.7;22.65
21/08/2016;0;15.4;28.6;22
22/08/2016;0;14.6;32.1;23.35
23/08/2016;0;17.8;31.3;24.55
24/08/2016;0;12.4;33.1;22.75
25/08/2016;0;13.1;33;23.05
26/08/2016;0;14.8;33.6;24.2
27/08/2016;0;15.3;31.3;23.3
28/08/2016;0;14.3;30.9;22.6
29/08/2016;0;19.7;34.2;26.95
30/08/2016;0;15.4;31;23.2
31/08/2016;0;16.8;31.3;24.05
01/09/2016;0;17.6;35.4;26.5
02/09/2016;0;17.4;33.5;25.45
03/09/2016;0;15.9;34;24.95
04/09/2016;0;15.2;35.1;25.15
05/09/2016;0;15.8;35.2;25.5
06/09/2016;0;21.9;33.2;27.55
07/09/2016;0;18.2;27.7;22.95
08/09/2016;0;13;32;22.5
09/09/2016;0;19.8;33.6;26.7
10/09/2016;0;18.3;33.1;25.7
11/09/2016;0;17.5;34.1;25.8
12/09/2016;0;16;29.8;22.9
13/09/2016;0.5;17.2;30.2;23.7
14/09/2016;28;17.9;22.7;20.3
15/09/2016;0;12.5;23.1;17.8
16/09/2016;0.5;15.4;23.8;19.6
17/09/2016;0;15.5;23.7;19.6
18/09/2016;0;14.8;24;19.4
19/09/2016;0;17;26.7;21.85
20/09/2016;0;12.5;26.6;19.55
21/09/2016;0;8.6;26.8;17.7
22/09/2016;0;8.8;26.6;17.7
23/09/2016;0;10.1;27.1;18.6
24/09/2016;0;11.7;25.3;18.5
25/09/2016;0;11.8;26.4;19.1
26/09/2016;0;11.4;26.8;19.1
27/09/2016;0;12.1;27.3;19.7
28/09/2016;0;11.8;28.4;20.1
29/09/2016;0;9.7;25.3;17.5
30/09/2016;0.5;14.4;25.1;19.75
01/10/2016;0;17.3;23.6;20.45
02/10/2016;1.5;13.9;22;17.95
03/10/2016;0;11.1;24.5;17.8
04/10/2016;0;9.5;25.1;17.3
05/10/2016;0;7.3;25.8;16.55
06/10/2016;0;11.1;16.7;13.9
07/10/2016;0;6.6;23;14.8
08/10/2016;0;4.6;22.5;13.55
09/10/2016;0;7.5;20.9;14.2
10/10/2016;0;4;19.4;11.7
11/10/2016;0;6.5;18;12.25
12/10/2016;35;7.8;17.8;12.8
13/10/2016;107;10.9;13.4;12.15
14/10/2016;30.5;12.2;19.5;15.85
15/10/2016;0;6.7;20.8;13.75
16/10/2016;8.5;9.2;20;14.6
17/10/2016;4;15.8;18.5;17.15
18/10/2016;0;9.4;23.1;16.25
19/10/2016;0;7.6;20.7;14.15
20/10/2016;0;4.8;17.9;11.35
21/10/2016;0;5.9;19.2;12.55
22/10/2016;30;4;15.7;9.85
23/10/2016;10;11.4;18;14.7
24/10/2016;0.5;16.5;20.6;18.55
25/10/2016;1;17.4;21.4;19.4
26/10/2016;0.5;13.6;19.5;16.55
27/10/2016;0;10.1;21.1;15.6
28/10/2016;0;11.2;21.8;16.5
29/10/2016;0;4.9;21.7;13.3
30/10/2016;0.5;7.8;20.8;14.3
31/10/2016;0;7.1;20.2;13.65
01/11/2016;0;11.6;17.1;14.35
02/11/2016;0;7.8;21.4;14.6
03/11/2016;0;5.8;18.6;12.2
04/11/2016;2;4.2;14.6;9.4
05/11/2016;0.5;11.4;17;14.2
06/11/2016;0;7.5;14.6;11.05
07/11/2016;0;1.1;12.5;6.8
08/11/2016;0;-0.2;12.5;6.15
09/11/2016;4;-0.5;14.5;7
10/11/2016;0;5.9;15.6;10.75
11/11/2016;0;10.1;15.9;13
12/11/2016;0;0.7;15.5;8.1
13/11/2016;0;3;15.5;9.25
14/11/2016;0;6.9;14.6;10.75
15/11/2016;0;4.8;14.1;9.45
16/11/2016;0;0.5;16.6;8.55
17/11/2016;0;3.1;16.6;9.85
18/11/2016;1;5.7;14.7;10.2
19/11/2016;0.5;5.9;14.9;10.4
20/11/2016;9.5;5.2;16.9;11.05
21/11/2016;13;15.4;16.8;16.1
22/11/2016;14;15.4;17.8;16.6
23/11/2016;14;14.7;19.6;17.15
24/11/2016;16;11;16.6;13.8
25/11/2016;0.5;10.4;15.6;13
26/11/2016;0;6;15.1;10.55
27/11/2016;0;5.4;18.1;11.75
28/11/2016;0;5.6;13.4;9.5
29/11/2016;0;7;10.2;8.6
30/11/2016;0;4.3;17.3;10.8
01/12/2016;0;0.4;14.9;7.65
02/12/2016;0;-0.4;14.5;7.05
03/12/2016;1;0.7;11.3;6
04/12/2016;0;4.9;13.5;9.2
05/12/2016;0;6.9;13.9;10.4
06/12/2016;0;4.7;17.3;11
07/12/2016;0;2.3;14.4;8.35
08/12/2016;0;0.4;15.9;8.15
09/12/2016;0;2.3;11.6;6.95
10/12/2016;0;5.5;13.7;9.6
11/12/2016;0.5;-0.3;16.6;8.15
12/12/2016;0;0.3;15.6;7.95
13/12/2016;0;1.7;11.3;6.5
14/12/2016;1;4.3;13.8;9.05
15/12/2016;19;9.2;12.2;10.7
16/12/2016;2;9.9;13.2;11.55
17/12/2016;0;3.4;14.6;9
18/12/2016;0;0.9;11.7;6.3
19/12/2016;13.5;1.3;6.9;4.1
20/12/2016;3.5;5.4;9.1;7.25
21/12/2016;0;4.5;12.7;8.6
22/12/2016;0;0.8;13.9;7.35
23/12/2016;0;3;17.8;10.4
24/12/2016;0;0.6;18.2;9.4
25/12/2016;0;3;15.6;9.3
26/12/2016;0;3.1;14.7;8.9
27/12/2016;0;6;15.9;10.95
28/12/2016;0;2.6;13.6;8.1
29/12/2016;0;-1.5;12.6;5.55
30/12/2016;0;4.4;9.9;7.15
31/12/2016;0.5;1.6;12.6;7.1
01/01/2017;0;1.4;12.6;7
02/01/2017;0;2;12;7
03/01/2017;0;1.2;10.6;5.9
04/01/2017;0;-2.6;13.3;5.35
05/01/2017;0;-0.4;8.9;4.25
06/01/2017;0;0.7;6.2;3.45
07/01/2017;0;-5.1;7.6;1.25
08/01/2017;0;-1.8;12.4;5.3
09/01/2017;0;-3.1;10.3;3.6
10/01/2017;0.5;-2.5;10.9;4.2
11/01/2017;0;-2.8;12.5;4.85
12/01/2017;0;-0.2;15.2;7.5
13/01/2017;0;5.5;8.9;7.2
14/01/2017;0.5;-1.1;8.5;3.7
15/01/2017;0;-1.6;7.7;3.05
16/01/2017;0;-3.2;7.7;2.25
17/01/2017;0;-0.4;4.1;1.85
18/01/2017;0;-4.9;6.2;0.65
19/01/2017;0;-4;9;2.5
20/01/2017;0;-2.6;10.8;4.1
21/01/2017;0;-0.8;13.1;6.15
22/01/2017;3.5;1.3;6.3;3.8
23/01/2017;0;3.9;9.6;6.75
24/01/2017;0;-2.4;10.7;4.15
25/01/2017;30.5;-3.1;6.2;1.55
26/01/2017;23;0.3;9.8;5.05
27/01/2017;0;2.6;12.1;7.35
28/01/2017;20.5;8.5;10.4;9.45
29/01/2017;0;2.5;13.2;7.85
30/01/2017;1.5;2.2;11.4;6.8
31/01/2017;6;7.2;11.6;9.4
01/02/2017;0;10;12.9;11.45
02/02/2017;4;11;13.2;12.1
03/02/2017;0;2.4;10.7;6.55
04/02/2017;4.5;3.6;15.3;9.45
05/02/2017;4;7.4;11.9;9.65
06/02/2017;0;7.6;13;10.3
07/02/2017;0;2.6;17.4;10
08/02/2017;0;5.4;13.1;9.25
09/02/2017;0;0.8;12.7;6.75
10/02/2017;4;1.7;10.5;6.1
11/02/2017;2;6.6;11.6;9.1
12/02/2017;0;8.4;14.3;11.35
13/02/2017;5;8.4;15.4;11.9
14/02/2017;5;9.9;14.4;12.15
15/02/2017;2.5;9.2;12.4;10.8
16/02/2017;0.5;9.7;14.2;11.95
17/02/2017;0;3;18;10.5
18/02/2017;0;4.9;15.9;10.4
19/02/2017;0;2.7;16.7;9.7
20/02/2017;0;4.2;19.7;11.95
21/02/2017;0;3.3;20.7;12
22/02/2017;0.5;3.2;19.6;11.4
23/02/2017;0;3.1;16.3;9.7
24/02/2017;0;6.2;15.7;10.95
25/02/2017;0;3;15.1;9.05
26/02/2017;0.5;-0.7;15;7.15
27/02/2017;3.5;5;14;9.5
28/02/2017;3.5;7.9;15;11.45
01/03/2017;0;0.7;14.2;7.45
02/03/2017;0;4.2;19.6;11.9
03/03/2017;12.5;4.2;13.3;8.75
04/03/2017;0;7;12.4;9.7
05/03/2017;1;5.5;12.2;8.85
06/03/2017;0;4.9;19.3;12.1
07/03/2017;0;9.2;14.2;11.7
08/03/2017;0;3.4;20.5;11.95
09/03/2017;0;5.3;24;14.65
10/03/2017;0;9;23.6;16.3
11/03/2017;0;8.8;20.1;14.45
12/03/2017;1;6.4;15.9;11.15
13/03/2017;0.5;6.9;20.4;13.65
14/03/2017;0;5;21.6;13.3
15/03/2017;0;7;21.4;14.2
16/03/2017;0;5.4;20.5;12.95
17/03/2017;0.5;7.5;18.2;12.85
18/03/2017;0;5.6;20.8;13.2
19/03/2017;0;9.6;25.1;17.35
20/03/2017;0;7.9;20.8;14.35
21/03/2017;0;5.1;18.1;11.6
22/03/2017;0;5.3;15.8;10.55
23/03/2017;9.5;11.6;16.2;13.9
24/03/2017;47.5;8.1;12.2;10.15
25/03/2017;9.5;9.7;12.6;11.15
26/03/2017;0.5;7.5;17.5;12.5
27/03/2017;0;5.1;15.8;10.45
28/03/2017;0;4.9;18.9;11.9
29/03/2017;0;7.3;23.9;15.6
30/03/2017;0.5;6.7;21.3;14
31/03/2017;35;7.4;18.3;12.85
01/04/2017;0;8.7;13.3;11
02/04/2017;0;5.7;16.6;11.15
03/04/2017;0;6.5;22.9;14.7
04/04/2017;0;11.2;22.2;16.7
05/04/2017;0;12.9;20.8;16.85
06/04/2017;0;10.7;20;15.35
07/04/2017;0;7.4;23.2;15.3
08/04/2017;0;5.9;21.3;13.6
09/04/2017;0;9.4;21.4;15.4
10/04/2017;0;4.6;24.4;14.5
11/04/2017;0;12.8;22.1;17.45
12/04/2017;0;7.2;23.7;15.45
13/04/2017;0;6;25.1;15.55
14/04/2017;0;9;26.3;17.65
15/04/2017;0;10;20.9;15.45
16/04/2017;0;8.7;22.6;15.65
17/04/2017;0;7.3;22.7;15
18/04/2017;0;10.8;18.2;14.5
19/04/2017;0;7.6;16.7;12.15
20/04/2017;0;5.1;18.3;11.7
21/04/2017;0;5.9;19;12.45
22/04/2017;0;2.4;20.6;11.5
23/04/2017;0;7.4;23.7;15.55
24/04/2017;0;6;19.1;12.55
25/04/2017;27.5;8.3;17.3;12.8
26/04/2017;1;9.9;16.8;13.35
27/04/2017;0;6.3;14;10.15
28/04/2017;0;6.1;15.6;10.85
29/04/2017;0.5;5.3;17.7;11.5
30/04/2017;20;4.7;13.6;9.15
01/05/2017;0;4.7;18.2;11.45
02/05/2017;2;6.4;19.5;12.95
03/05/2017;0.5;4.3;17.8;11.05
04/05/2017;1;6.4;17.3;11.85
05/05/2017;7;7.9;19.4;13.65
06/05/2017;10;8.3;20.1;14.2
07/05/2017;0;7.5;22.2;14.85
08/05/2017;0;11.4;22.1;16.75
09/05/2017;0;9.4;22.2;15.8
10/05/2017;0;9.8;19.1;14.45
11/05/2017;7;9.4;16.4;12.9
12/05/2017;0.5;14.5;20.1;17.3
13/05/2017;0;10;24.7;17.35
14/05/2017;0;11.1;26.1;18.6
15/05/2017;0;11.5;28.2;19.85
16/05/2017;0;13.3;26.2;19.75
17/05/2017;0;10.9;25.9;18.4
18/05/2017;2.5;12.3;24.6;18.45
19/05/2017;0;7.9;21.8;14.85
20/05/2017;0;9.3;22.5;15.9
21/05/2017;0;12.3;26.1;19.2
22/05/2017;0;8.5;24.9;16.7
23/05/2017;2.5;11.1;31.3;21.2
24/05/2017;0;15.8;31.4;23.6
25/05/2017;0;13.8;31.8;22.8
26/05/2017;0;13;26.3;19.65
27/05/2017;0;11.9;28.1;20
28/05/2017;0;11.5;28;19.75
29/05/2017;0;10;28.3;19.15
30/05/2017;0;11.2;28.2;19.7
31/05/2017;0;16.3;27.5;21.9
01/06/2017;4.5;16.1;25.3;20.7
02/06/2017;0;14.3;27.5;20.9
03/06/2017;13;15.1;25.9;20.5
04/06/2017;1;14.5;26.8;20.65
05/06/2017;0;15.4;27.9;21.65
06/06/2017;0;11.8;24.4;18.1
07/06/2017;0;13.1;24.9;19
08/06/2017;0;12.9;27.4;20.15
09/06/2017;0;12.9;27.8;20.35
10/06/2017;0;15.3;32.8;24.05
11/06/2017;0;16.4;30.2;23.3
12/06/2017;0;17;36.4;26.7
13/06/2017;0;21.6;33.2;27.4
14/06/2017;0.5;17;32.6;24.8
15/06/2017;0;19.8;36;27.9
16/06/2017;0;22.4;34.6;28.5
17/06/2017;0;16.4;33;24.7
18/06/2017;0;21.7;33.3;27.5
19/06/2017;0;16.1;30.9;23.5
20/06/2017;0;19.2;30;24.6
21/06/2017;0;22.2;31;26.6
22/06/2017;0;20.2;31.9;26.05
23/06/2017;0;21.7;38.5;30.1
24/06/2017;0;22;35.6;28.8
25/06/2017;0;21.2;33.7;27.45
26/06/2017;1;20.3;28.2;24.25
27/06/2017;4.5;16.6;31.2;23.9
28/06/2017;13.5;14.4;27.9;21.15
29/06/2017;0;13.9;25.4;19.65
30/06/2017;0;14.3;25.5;19.9
01/07/2017;0;15;25.7;20.35
02/07/2017;0;16.3;28;22.15
03/07/2017;0;15.5;32.3;23.9
04/07/2017;0;18.4;31.5;24.95
05/07/2017;0;15.1;27.4;21.25
06/07/2017;0;14.4;30.7;22.55
07/07/2017;0;16.9;33.3;25.1
08/07/2017;0;16.9;33;24.95
09/07/2017;9.5;19.5;28.5;24
10/07/2017;0;16.7;30.8;23.75
11/07/2017;0;17.6;30.6;24.1
12/07/2017;0;16.6;34;25.3
13/07/2017;0;17.8;34.9;26.35
14/07/2017;0;21.2;32.6;26.9
15/07/2017;0;20.2;32.6;26.4
16/07/2017;0;21.5;34.8;28.15
17/07/2017;0;16.3;29.2;22.75
18/07/2017;0;16.1;29;22.55
19/07/2017;2;17;27.9;22.45
20/07/2017;0;18;30.8;24.4
21/07/2017;0;21.5;29.6;25.55
22/07/2017;0;15.8;29.7;22.75
23/07/2017;0;19;33.6;26.3
24/07/2017;0;20.6;28.5;24.55
25/07/2017;0;19.2;28.1;23.65
26/07/2017;0;17.2;30.4;23.8
27/07/2017;0;16.5;34.6;25.55
28/07/2017;0;21.9;36;28.95
29/07/2017;0;16.8;31.6;24.2
30/07/2017;0;17.7;28.9;23.3
31/07/2017;0;18.1;32.1;25.1
01/08/2017;0;18.9;30.5;24.7
02/08/2017;0;19.1;35.3;27.2
03/08/2017;0;19.6;34.1;26.85
04/08/2017;0;21.8;38.8;30.3
05/08/2017;2;21.6;38.6;30.1
06/08/2017;0;20;33.7;26.85
07/08/2017;0.5;17.1;32.5;24.8
08/08/2017;0;19.8;28.6;24.2
09/08/2017;0;13.2;28.3;20.75
10/08/2017;0;10.9;25.4;18.15
11/08/2017;0;16.7;22.6;19.65
12/08/2017;0;16.2;31.2;23.7
13/08/2017;0;16.6;32.3;24.45
14/08/2017;0;15.4;28.4;21.9
15/08/2017;0;18.1;29.2;23.65
16/08/2017;0;15;32.7;23.85
17/08/2017;0;19.4;34.1;26.75
18/08/2017;0;17.7;32.7;25.2
19/08/2017;0;21.4;32.6;27
20/08/2017;0;15.6;30.7;23.15
21/08/2017;0;15.6;33.4;24.5
22/08/2017;0;14.3;29;21.65
23/08/2017;0;17.5;30.2;23.85
24/08/2017;0.5;21.3;27.5;24.4
25/08/2017;0;19.7;27.3;23.5
26/08/2017;0;16.7;29.1;22.9
27/08/2017;0;16.8;33.6;25.2
28/08/2017;0;18.8;32.2;25.5
29/08/2017;0;19.9;29.6;24.75
30/08/2017;0;23.2;29.4;26.3
31/08/2017;4.5;19.2;26.8;23
01/09/2017;0;12.2;27.1;19.65
02/09/2017;0;13.6;24.1;18.85
03/09/2017;0;9.8;26.2;18
04/09/2017;0;15;28.8;21.9
05/09/2017;0;12.5;29.1;20.8
06/09/2017;0;15.7;30.5;23.1
07/09/2017;0;10.1;27.7;18.9
08/09/2017;0;9.4;26;17.7
09/09/2017;0;13.5;20;16.75
10/09/2017;0;9.7;23.8;16.75
11/09/2017;0;10;25.6;17.8
12/09/2017;0;13.9;24.8;19.35
13/09/2017;0;10.5;28;19.25
14/09/2017;0;12.7;27.1;19.9
15/09/2017;0;10.3;18.6;14.45
16/09/2017;0;7.8;23.2;15.5
17/09/2017;0;12.4;21.7;17.05
18/09/2017;1.5;12.6;20.2;16.4
19/09/2017;0;7.1;21.5;14.3
20/09/2017;0;9.5;24.8;17.15
21/09/2017;0;6.9;24.3;15.6
22/09/2017;0;8.5;24.5;16.5
23/09/2017;0;11.4;25.4;18.4
24/09/2017;0;9.3;28;18.65
25/09/2017;0;11;23.4;17.2
26/09/2017;0;11.5;26.2;18.85
27/09/2017;0;10.3;24.7;17.5
28/09/2017;0;9.1;25;17.05
29/09/2017;0;9;26.1;17.55
30/09/2017;6;9.8;19.1;14.45
01/10/2017;0;11.3;23;17.15
02/10/2017;0;14.5;25;19.75
03/10/2017;0;12.6;28.5;20.55
04/10/2017;0.5;11.8;25.7;18.75
05/10/2017;0;8.9;26.4;17.65
06/10/2017;0;13.2;24.1;18.65
07/10/2017;0;12.4;24.2;18.3
08/10/2017;0;4.6;26.6;15.6
09/10/2017;0;7.5;25.6;16.55
10/10/2017;0;7.6;25.7;16.65
11/10/2017;0;7.4;22;14.7
12/10/2017;0;13.3;25.2;19.25
13/10/2017;0;9.3;23.5;16.4
14/10/2017;0;16.7;22.7;19.7
15/10/2017;0;16;23.7;19.85
16/10/2017;0;12.7;23.2;17.95
17/10/2017;0.5;9.7;21;15.35
18/10/2017;4;15.3;20;17.65
19/10/2017;3;14.8;20;17.4
20/10/2017;0;14.2;22.5;18.35
21/10/2017;0.5;17;23.5;20.25
22/10/2017;0;9;18.8;13.9
23/10/2017;0;10;20.1;15.05
24/10/2017;0;10.7;25.3;18
25/10/2017;0;8.8;25.3;17.05
26/10/2017;0;6.3;22.8;14.55
27/10/2017;0;6.5;25.2;15.85
28/10/2017;0;4.9;21.7;13.3
29/10/2017;0;2;21.3;11.65
30/10/2017;0;12.5;17.6;15.05
31/10/2017;0;7.8;19.6;13.7
01/11/2017;0;6.6;19.7;13.15
02/11/2017;0.5;9.8;17.4;13.6
03/11/2017;0.5;6.2;20;13.1
04/11/2017;38.5;14.9;18.7;16.8
05/11/2017;0;10.6;16;13.3
06/11/2017;0;8.4;13.5;10.95
07/11/2017;0;4.9;13.9;9.4
08/11/2017;0.5;0.6;12.4;6.5
09/11/2017;0;4.3;14;9.15
10/11/2017;0;3.3;14;8.65
11/11/2017;0;8;18.4;13.2
12/11/2017;0.5;14;18.9;16.45
13/11/2017;0;7.5;13.4;10.45
14/11/2017;0;7.6;13.6;10.6
15/11/2017;0;0.2;15.2;7.7
16/11/2017;0;4.1;14.2;9.15
17/11/2017;0;0.5;16.8;8.65
18/11/2017;0;4.2;15.7;9.95
19/11/2017;0;1.8;18.2;10
20/11/2017;0;2.4;18.3;10.35
21/11/2017;0;0.8;22.7;11.75
22/11/2017;0;3.4;14.5;8.95
23/11/2017;0;11.6;16.8;14.2
24/11/2017;0.5;9.4;13.7;11.55
25/11/2017;0;10.5;16.8;13.65
26/11/2017;0;5.6;11.6;8.6
27/11/2017;0;0;13;6.5
28/11/2017;0;-1.2;12.1;5.45
29/11/2017;0;0.3;12.9;6.6
30/11/2017;0;-0.1;10.1;5
01/12/2017;0;-0.9;7.6;3.35
02/12/2017;0;-0.8;5.7;2.45
03/12/2017;0;-4.7;9.7;2.5
04/12/2017;0;-4.6;13.3;4.35
05/12/2017;0;-1;13.5;6.25
06/12/2017;0;0.1;11.6;5.85
07/12/2017;0.5;-2;12.1;5.05
08/12/2017;0;1.7;13.4;7.55
09/12/2017;1;0.4;9.2;4.8
10/12/2017;3.5;-1.8;9.5;3.85
11/12/2017;3.5;3.1;11.3;7.2
12/12/2017;0;1.6;9.3;5.45
13/12/2017;0.5;-3.6;11.3;3.85
14/12/2017;0;5.6;15.9;10.75
15/12/2017;0;6.8;11.4;9.1
16/12/2017;0;0.9;10.9;5.9
17/12/2017;0;1.6;10.2;5.9
18/12/2017;0;-1.1;11.3;5.1
19/12/2017;0;-2.9;9.8;3.45
20/12/2017;0;0.9;9.9;5.4
21/12/2017;0;4.2;13.1;8.65
22/12/2017;0;1.9;17.3;9.6
23/12/2017;0;3.7;14.5;9.1
24/12/2017;0.5;-1.1;13.8;6.35
25/12/2017;0;-2.8;12;4.6
26/12/2017;1;4.2;12.7;8.45
27/12/2017;0;2.7;12.3;7.5
28/12/2017;0;3.5;9;6.25
29/12/2017;1.5;-4.2;7;1.4
30/12/2017;0;0.4;17.4;8.9
31/12/2017;0;1.7;13.2;7.45
01/01/2018;4;8.1;14.4;11.25
02/01/2018;0;1.4;11.4;6.4
03/01/2018;0;3.9;19.9;11.9
04/01/2018;0;12.1;18.7;15.4
05/01/2018;0;8.5;17.6;13.05
06/01/2018;0;7.5;14.6;11.05
07/01/2018;28.5;11.1;17.1;14.1
08/01/2018;60.5;7.6;9.8;8.7
09/01/2018;0.5;6;12.5;9.25
10/01/2018;0.5;6.6;14.1;10.35
11/01/2018;0;5.6;12.8;9.2
12/01/2018;0.5;5.7;13.7;9.7
13/01/2018;8.5;0.1;10.7;5.4
14/01/2018;21;6.8;8.4;7.6
15/01/2018;0;6.7;12.6;9.65
16/01/2018;0;8;16.3;12.15
17/01/2018;0;7.1;12.1;9.6
18/01/2018;0;3.8;13.8;8.8
19/01/2018;0;8;14.8;11.4
20/01/2018;0;4.5;17;10.75
21/01/2018;0;14.4;19.7;17.05
22/01/2018;0;14.6;16.7;15.65
23/01/2018;0;5.9;18.6;12.25
24/01/2018;0.5;3.5;12.6;8.05
25/01/2018;33;9.6;12.3;10.95
26/01/2018;23.5;5;9.1;7.05
27/01/2018;0.5;4.8;12.5;8.65
28/01/2018;0;3;16.4;9.7
29/01/2018;0;2.5;16.4;9.45
30/01/2018;0;1.8;14.6;8.2
31/01/2018;2;6.1;10.1;8.1
01/02/2018;0.5;3.2;10.4;6.8
02/02/2018;0;1;10.1;5.55
03/02/2018;0;4.5;9.7;7.1
04/02/2018;4;-1.1;11.3;5.1
05/02/2018;37;3.1;7.6;5.35
06/02/2018;12;2.3;6.5;4.4
07/02/2018;0;0.7;6.6;3.65
08/02/2018;0;-2.3;9.6;3.65
09/02/2018;0.5;-3.2;9.2;3
10/02/2018;0;4.1;9.3;6.7
11/02/2018;0;-1.3;12.2;5.45
12/02/2018;0;0.1;9.6;4.85
13/02/2018;0;-3;8.3;2.65
14/02/2018;1;-3.1;9.9;3.4
15/02/2018;0;4.6;10.4;7.5
16/02/2018;0.5;4;16.6;10.3
17/02/2018;1;8;14.1;11.05
18/02/2018;0;2.3;13.3;7.8
19/02/2018;0;1.1;13.2;7.15
20/02/2018;0;3.7;13.9;8.8
21/02/2018;0;2.1;8.4;5.25
22/02/2018;0;-1.8;9.5;3.85
23/02/2018;0;-3.1;10.2;3.55
24/02/2018;0;0.1;9.2;4.65
25/02/2018;0;3.9;11;7.45
26/02/2018;0;-2.8;5.6;1.4
27/02/2018;0;-6.4;2.3;-2.05
28/02/2018;0;-5.3;1.5;-1.9
01/03/2018;57;0.1;7.5;3.8
02/03/2018;1.5;2.8;14.1;8.45
03/03/2018;0;3.2;17.5;10.35
04/03/2018;26;3.7;13.6;8.65
05/03/2018;4;7.9;10.5;9.2
06/03/2018;1.5;5.1;16.9;11
07/03/2018;0;5.8;12.9;9.35
08/03/2018;0.5;1.3;13.9;7.6
09/03/2018;10;7.3;12.6;9.95
10/03/2018;2.5;11.6;14.3;12.95
11/03/2018;0.5;12.7;16.7;14.7
12/03/2018;0;7.4;16.2;11.8
13/03/2018;0;6.4;17.2;11.8
14/03/2018;12.5;2;15.3;8.65
15/03/2018;0.5;10.6;16.3;13.45
16/03/2018;7.5;4.4;16.1;10.25
17/03/2018;0.5;3.3;15.9;9.6
18/03/2018;0;4.1;14;9.05
19/03/2018;0;1.1;14.3;7.7
20/03/2018;0;3.6;10.7;7.15
21/03/2018;0;4.8;10.6;7.7
22/03/2018;0;-0.3;14.4;7.05
23/03/2018;0;5.6;17.6;11.6
24/03/2018;0;2.8;12.8;7.8
25/03/2018;0;4.4;16.2;10.3
26/03/2018;0;9.5;17;13.25
27/03/2018;0;6.8;16.2;11.5
28/03/2018;0;12.2;19.8;16
29/03/2018;0;11.4;18.3;14.85
30/03/2018;1.5;5.1;16.6;10.85
31/03/2018;0;3.7;16.4;10.05
01/04/2018;0;1.9;18;9.95
02/04/2018;0;4.1;13.9;9
03/04/2018;0;8.6;16.7;12.65
04/04/2018;2;12.8;16;14.4
05/04/2018;0;9.8;19.8;14.8
06/04/2018;0.5;3.7;16.9;10.3
07/04/2018;0;7.1;19.7;13.4
08/04/2018;13.5;8.4;17.4;12.9
09/04/2018;2.5;10.7;15.2;12.95
10/04/2018;3;9;15.1;12.05
11/04/2018;49.5;7.2;11;9.1
12/04/2018;6;6.6;10.1;8.35
13/04/2018;15.5;7;15.3;11.15
14/04/2018;0.5;10.3;16.1;13.2
15/04/2018;0;9.3;21.8;15.55
16/04/2018;0;11.3;24.5;17.9
17/04/2018;0;11.3;26.4;18.85
18/04/2018;0;10.3;23.5;16.9
19/04/2018;0;10;24.7;17.35
20/04/2018;0;10.1;24.9;17.5
21/04/2018;0;9.8;27.1;18.45
22/04/2018;0;7.8;24.2;16
23/04/2018;0.5;9.9;23.8;16.85
24/04/2018;0;11.4;26.9;19.15
25/04/2018;0;12;27.7;19.85
26/04/2018;0;10.3;24.3;17.3
27/04/2018;0;7.6;20.8;14.2
28/04/2018;0;10.9;20.1;15.5
29/04/2018;22;12.6;18;15.3
30/04/2018;0.5;6.1;16.5;11.3
01/05/2018;3;9.3;15.5;12.4
02/05/2018;0;6.8;21.7;14.25
03/05/2018;0;14.3;21.7;18
04/05/2018;1;11.6;23.2;17.4
05/05/2018;0.5;11.1;24.7;17.9
06/05/2018;0;15.1;26.3;20.7
07/05/2018;0.5;14.3;24.1;19.2
08/05/2018;0.5;12.9;24.2;18.55
09/05/2018;0.5;16.5;25.6;21.05
10/05/2018;0;15.9;23;19.45
11/05/2018;0;10.2;22.3;16.25
12/05/2018;31;12.3;19.6;15.95
13/05/2018;29;8.3;10.9;9.6
14/05/2018;5.5;8.4;16;12.2
15/05/2018;0;10.6;21.1;15.85
16/05/2018;0;10;24.3;17.15
17/05/2018;0;10.4;23.6;17
18/05/2018;0;10.1;24.7;17.4
19/05/2018;2.5;12.3;26.2;19.25
20/05/2018;0;11.3;25.5;18.4
21/05/2018;0;12.2;24;18.1
22/05/2018;8.5;14.8;23.2;19
23/05/2018;2.5;13.7;23;18.35
24/05/2018;0;13.3;22.4;17.85
25/05/2018;0.5;12.9;25.3;19.1
26/05/2018;0.5;14.3;25.6;19.95
27/05/2018;0;14;26.9;20.45
28/05/2018;9.5;17.2;21.4;19.3
29/05/2018;0;17.2;22.7;19.95
30/05/2018;0;13.9;21.2;17.55
31/05/2018;24.5;14.7;22.9;18.8
01/06/2018;0.5;13.5;27.4;20.45
02/06/2018;0;14.1;27.3;20.7
03/06/2018;0;16.9;23.6;20.25
04/06/2018;0.5;16.1;26.1;21.1
05/06/2018;0;14.9;24;19.45
06/06/2018;0;16.8;23.4;20.1
07/06/2018;10.5;15.1;23;19.05
08/06/2018;0;15.4;25.9;20.65
09/06/2018;0;14.8;26.2;20.5
10/06/2018;0;16.6;25.8;21.2
11/06/2018;0.5;15.6;21.8;18.7
12/06/2018;0;14.4;23.9;19.15
13/06/2018;0;17.1;25;21.05
14/06/2018;0;15.3;27.3;21.3
15/06/2018;0;15.1;28.6;21.85
16/06/2018;0;17.9;29.6;23.75
17/06/2018;0;19.4;28;23.7
18/06/2018;0;15.5;28.7;22.1
19/06/2018;0;16;31.7;23.85
20/06/2018;0;16.9;30.5;23.7
21/06/2018;0;17.5;30.7;24.1
22/06/2018;0;20.4;29.2;24.8
23/06/2018;0;15.6;28.5;22.05
24/06/2018;0;15.5;29;22.25
25/06/2018;0;17;29.8;23.4
26/06/2018;0;14.1;29.7;21.9
27/06/2018;0;15.3;31.1;23.2
28/06/2018;0;15.6;31.8;23.7
29/06/2018;0;17.1;29;23.05
30/06/2018;0;14.8;30.4;22.6
01/07/2018;0;14.3;30.8;22.55
02/07/2018;0;16.1;29.5;22.8
03/07/2018;0;19.1;31;25.05
04/07/2018;0;17.4;31.6;24.5
05/07/2018;0;19.5;29.8;24.65
06/07/2018;0;16.1;31.3;23.7
07/07/2018;0;20.2;33.1;26.65
08/07/2018;0;17.6;34.1;25.85
09/07/2018;0;19.5;33.5;26.5
10/07/2018;0;16.9;33.1;25
11/07/2018;0;19.2;32;25.6
12/07/2018;0;17.7;30;23.85
13/07/2018;0;16.5;33.1;24.8
14/07/2018;0;19.4;33.6;26.5
15/07/2018;2;18.5;32.4;25.45
16/07/2018;3;19.4;26.9;23.15
17/07/2018;0;22.5;33.9;28.2
18/07/2018;0;19;33;26
19/07/2018;0;17.3;34.8;26.05
20/07/2018;10.5;18.3;32.3;25.3
21/07/2018;0;18.6;29.7;24.15
22/07/2018;0;17.7;31.5;24.6
23/07/2018;0;21.5;33.7;27.6
24/07/2018;0;17;31.4;24.2
25/07/2018;0;18.9;36.2;27.55
26/07/2018;0;19.7;34.1;26.9
27/07/2018;0;19.3;31.9;25.6
28/07/2018;1;21.7;32.5;27.1
29/07/2018;0;19;32.4;25.7
30/07/2018;0;20.1;33.8;26.95
31/07/2018;0;19.8;35.5;27.65
01/08/2018;0;20.5;36.6;28.55
02/08/2018;0;21.7;37.5;29.6
03/08/2018;0;21.4;36;28.7
04/08/2018;0;21.5;38.4;29.95
05/08/2018;2;21.5;37.3;29.4
06/08/2018;0;20.8;34;27.4
07/08/2018;0;22.3;31.2;26.75
08/08/2018;0.5;23.1;31.2;27.15
09/08/2018;10;20.2;30.3;25.25
10/08/2018;0;16;29.8;22.9
11/08/2018;0;16.2;32;24.1
12/08/2018;32;16.1;30.7;23.4
13/08/2018;0;17.9;29.7;23.8
14/08/2018;0;16.8;29.8;23.3
15/08/2018;0;19.5;31.4;25.45
16/08/2018;0;16.8;30.2;23.5
17/08/2018;1.5;16.2;27.3;21.75
18/08/2018;0;17;30.6;23.8
19/08/2018;0;16.8;32.8;24.8
20/08/2018;0;20.8;34.3;27.55
21/08/2018;0;19.3;33.9;26.6
22/08/2018;0;19.3;34.1;26.7
23/08/2018;1;17.8;33.5;25.65
24/08/2018;0;18;30.7;24.35
25/08/2018;0;16;25.3;20.65
26/08/2018;0;13.2;28.4;20.8
27/08/2018;0;11.9;30.7;21.3
28/08/2018;0;14.7;29.9;22.3
29/08/2018;0;21.5;32.5;27
30/08/2018;0;16.3;27.2;21.75
31/08/2018;0;15.8;29.5;22.65
01/09/2018;0;13.2;27.3;20.25
02/09/2018;0;14.5;28.5;21.5
03/09/2018;0;12.1;27.9;20
04/09/2018;0;13.9;29.8;21.85
05/09/2018;1.5;13.9;28.9;21.4
06/09/2018;0;17.9;26.6;22.25
07/09/2018;0;13.8;30.2;22
08/09/2018;0;15.7;29.1;22.4
09/09/2018;0;12.7;28.4;20.55
10/09/2018;0;15.1;31.9;23.5
11/09/2018;0;14.8;31.4;23.1
12/09/2018;0;16.2;28.9;22.55
13/09/2018;0;15.9;32.1;24
14/09/2018;0;20.7;31.3;26
15/09/2018;0;14.4;29.5;21.95
16/09/2018;0;14.3;28.1;21.2
17/09/2018;0;16.3;28;22.15
18/09/2018;0;16.6;27.7;22.15
19/09/2018;0;16.1;30.7;23.4
20/09/2018;0;17.2;33.3;25.25
21/09/2018;0;16.4;32.4;24.4
22/09/2018;0;15.3;29.6;22.45
23/09/2018;0;16.3;34.2;25.25
24/09/2018;0;16.5;23.5;20
25/09/2018;0;14.6;26.1;20.35
26/09/2018;0;11.8;23.1;17.45
27/09/2018;0;9.5;24.4;16.95
28/09/2018;0;9.8;30.5;20.15
29/09/2018;0;14;26.7;20.35
30/09/2018;0;13.5;25.5;19.5
01/10/2018;0;12.4;20.2;16.3
02/10/2018;0;8.2;23.2;15.7
03/10/2018;0;8;25.5;16.75
04/10/2018;0;14.2;26.5;20.35
05/10/2018;0;11.4;25.5;18.45
06/10/2018;14;11.2;23.4;17.3
07/10/2018;0;12.3;19.9;16.1
08/10/2018;5.5;9.4;20.1;14.75
09/10/2018;0.5;14.9;24;19.45
10/10/2018;34;15.9;17.8;16.85
11/10/2018;1.5;16.4;22.3;19.35
12/10/2018;0;16.6;22;19.3
13/10/2018;0.5;15.8;23;19.4
14/10/2018;5;16.6;20;18.3
15/10/2018;24.5;16;18.7;17.35
16/10/2018;2.5;15.2;18.9;17.05
17/10/2018;0.5;13.1;21.8;17.45
18/10/2018;0;16;24;20
19/10/2018;0.5;12.7;25.4;19.05
20/10/2018;0;12.8;24.9;18.85
21/10/2018;0;11.4;26.3;18.85
22/10/2018;0;10.1;22.6;16.35
23/10/2018;0;8.1;22.6;15.35
24/10/2018;0;10.2;25.9;18.05
25/10/2018;0;15.5;25.1;20.3
26/10/2018;1;8.5;20;14.25
27/10/2018;9.5;10.2;12.6;11.4
28/10/2018;4.5;5.1;11.6;8.35
29/10/2018;3;6;9.9;7.95
30/10/2018;7;3.9;13;8.45
31/10/2018;46.5;9.6;16.4;13
01/11/2018;16;9.8;16.8;13.3
02/11/2018;0;6.1;17.8;11.95
03/11/2018;0;4.1;18.4;11.25
04/11/2018;0;10.8;19.1;14.95
05/11/2018;49;10.8;17.4;14.1
06/11/2018;1;10.5;17.4;13.95
07/11/2018;3;9.2;16.5;12.85
08/11/2018;5.5;8.6;16.5;12.55
09/11/2018;37;13;15.7;14.35
10/11/2018;3.5;10.2;17.5;13.85
11/11/2018;0;14.2;19.2;16.7
12/11/2018;1.5;16.9;18.8;17.85
13/11/2018;0;15.9;19.4;17.65
14/11/2018;0;12.6;16.6;14.6
15/11/2018;0;12.4;18.1;15.25
16/11/2018;1.5;8.7;18.9;13.8
17/11/2018;2;8.6;11.5;10.05
18/11/2018;0;5.1;13.2;9.15
19/11/2018;3.5;2.4;7.3;4.85
20/11/2018;12;2.6;9.8;6.2
21/11/2018;0;7;11.7;9.35
22/11/2018;3;6.3;14.4;10.35
23/11/2018;24.5;10.6;14.7;12.65
24/11/2018;0.5;4.1;16.4;10.25
25/11/2018;4;3.6;11.4;7.5
26/11/2018;0;2.3;13.3;7.8
27/11/2018;0;4.9;12.8;8.85
28/11/2018;0;0.8;16.6;8.7
29/11/2018;4.5;4.5;15.2;9.85
30/11/2018;14;7.4;11.1;9.25
01/12/2018;0.5;2.5;15.4;8.95
02/12/2018;0;4.7;12.7;8.7
03/12/2018;0;7.1;18.1;12.6
04/12/2018;0;9.7;19.1;14.4
05/12/2018;0.5;4.5;18.4;11.45
06/12/2018;0;5.7;19;12.35
07/12/2018;0;4.1;16.5;10.3
08/12/2018;0;8.1;15;11.55
09/12/2018;0;11.2;16.8;14
10/12/2018;0;2.9;14.1;8.5
11/12/2018;0;-0.1;13.5;6.7
12/12/2018;0;3.9;11.2;7.55
13/12/2018;7.5;-1.6;6;2.2
14/12/2018;0;4;9.8;6.9
15/12/2018;5.5;-2.1;5.6;1.75
16/12/2018;6;3;10.3;6.65
17/12/2018;0;2;14.3;8.15
18/12/2018;1.5;-0.7;10.9;5.1
19/12/2018;0.5;7.1;14;10.55
20/12/2018;0.5;2.7;14.9;8.8
21/12/2018;0;1;10.7;5.85
22/12/2018;0;5.1;17.8;11.45
23/12/2018;0;6.9;19.3;13.1
24/12/2018;0;6;19.9;12.95
25/12/2018;0;5.6;13.5;9.55
26/12/2018;0.5;-0.6;11.5;5.45
27/12/2018;0;-0.5;12.6;6.05
28/12/2018;0.5;-1.4;13;5.8
29/12/2018;0;1.1;11.1;6.1
30/12/2018;0;-0.7;16.9;8.1
31/12/2018;0;-0.1;14.2;7.05
01/01/2019;0;3.5;13.5;8.5
02/01/2019;0;1.6;12.9;7.25
03/01/2019;0;0.1;11;5.55
04/01/2019;0;0.8;8.9;4.85
05/01/2019;0;2.4;11.9;7.15
06/01/2019;0;3.5;11.3;7.4
07/01/2019;0;0.7;9.8;5.25
08/01/2019;0;-3.1;12.7;4.8
09/01/2019;0;2;9.7;5.85
10/01/2019;0;4;8.3;6.15
11/01/2019;0;-1.9;7.9;3
12/01/2019;0;-3.5;13.4;4.95
13/01/2019;0;3.3;14.7;9
14/01/2019;0;10.1;15.7;12.9
15/01/2019;0;2.4;13.6;8
16/01/2019;0;-0.7;12.4;5.85
17/01/2019;0;5.6;14.3;9.95
18/01/2019;0;-0.8;10.2;4.7
19/01/2019;1.5;-2.6;11.7;4.55
20/01/2019;3.5;1.9;7.1;4.5
21/01/2019;0;-0.5;12;5.75
22/01/2019;0;-3.5;9.7;3.1
23/01/2019;1;-0.1;10;4.95
24/01/2019;0;2.9;8;5.45
25/01/2019;0;-0.9;10.5;4.8
26/01/2019;0;-3.2;15.3;6.05
27/01/2019;0;0.7;13.4;7.05
28/01/2019;0;0.8;10.9;5.85
29/01/2019;7;2.1;8.6;5.35
30/01/2019;0;1.7;9.8;5.75
31/01/2019;9;1.2;8.5;4.85
01/02/2019;1;5.8;9.8;7.8
02/02/2019;10.5;4;8.5;6.25
03/02/2019;0;6.1;8.9;7.5
04/02/2019;0;2.7;11.3;7
05/02/2019;0;1.8;16.5;9.15
06/02/2019;0;-1;16.7;7.85
07/02/2019;0;-0.8;16.4;7.8
08/02/2019;0;0.2;14.6;7.4
09/02/2019;0;0.2;15.3;7.75
10/02/2019;0.5;5.2;14.8;10
11/02/2019;0;3.7;12.6;8.15
12/02/2019;0;2.8;15.5;9.15
13/02/2019;0;3.6;15.7;9.65
14/02/2019;0;2.3;15;8.65
15/02/2019;0;-2;17.5;7.75
16/02/2019;0.5;-2.4;17;7.3
17/02/2019;0;3.2;14.4;8.8
18/02/2019;0;6.3;14.1;10.2
19/02/2019;0;5.9;13.4;9.65
20/02/2019;0;-0.2;14.5;7.15
21/02/2019;0.5;0.3;16.7;8.5
22/02/2019;0;3;23.4;13.2
23/02/2019;0;10.3;20.7;15.5
24/02/2019;0;7.9;16.4;12.15
25/02/2019;0;2.2;18.6;10.4
26/02/2019;0;3.3;21.1;12.2
27/02/2019;0.5;2.6;22;12.3